-- MySQL dump 10.13  Distrib 8.0.36, for Linux (x86_64)
--
-- Host: localhost    Database: employees_wireframe
-- ------------------------------------------------------
-- Server version	8.0.36-0ubuntu0.20.04.1

/*!40101 SET @OLD_CHARACTER_SET_CLIENT=@@CHARACTER_SET_CLIENT */;
/*!40101 SET @OLD_CHARACTER_SET_RESULTS=@@CHARACTER_SET_RESULTS */;
/*!40101 SET @OLD_COLLATION_CONNECTION=@@COLLATION_CONNECTION */;
/*!50503 SET NAMES utf8mb4 */;
/*!40103 SET @OLD_TIME_ZONE=@@TIME_ZONE */;
/*!40103 SET TIME_ZONE='+00:00' */;
/*!40014 SET @OLD_UNIQUE_CHECKS=@@UNIQUE_CHECKS, UNIQUE_CHECKS=0 */;
/*!40014 SET @OLD_FOREIGN_KEY_CHECKS=@@FOREIGN_KEY_CHECKS, FOREIGN_KEY_CHECKS=0 */;
/*!40101 SET @OLD_SQL_MODE=@@SQL_MODE, SQL_MODE='NO_AUTO_VALUE_ON_ZERO' */;
/*!40111 SET @OLD_SQL_NOTES=@@SQL_NOTES, SQL_NOTES=0 */;

--
-- Table structure for table `basic_details`
--

DROP TABLE IF EXISTS `basic_details`;
/*!40101 SET @saved_cs_client     = @@character_set_client */;
/*!50503 SET character_set_client = utf8mb4 */;
CREATE TABLE `basic_details` (
  `id` int NOT NULL AUTO_INCREMENT,
  `first_name` varchar(30) NOT NULL,
  `last_name` varchar(30) NOT NULL,
  `desingnation` varchar(30) NOT NULL,
  `address1` varchar(100) NOT NULL,
  `address2` varchar(100) DEFAULT NULL,
  `email` varchar(50) DEFAULT NULL,
  `city` varchar(25) DEFAULT NULL,
  `phone` varchar(14) DEFAULT NULL,
  `state` varchar(20) DEFAULT NULL,
  `gender` char(1) DEFAULT NULL,
  `rel_ismarried` tinyint(1) DEFAULT NULL,
  `dob` date DEFAULT NULL,
  `zipcode` varchar(8) DEFAULT NULL,
  `insertedAt` timestamp NULL DEFAULT CURRENT_TIMESTAMP,
  PRIMARY KEY (`id`)
) ENGINE=InnoDB AUTO_INCREMENT=91 DEFAULT CHARSET=utf8mb4 COLLATE=utf8mb4_0900_ai_ci;
/*!40101 SET character_set_client = @saved_cs_client */;

--
-- Dumping data for table `basic_details`
--

LOCK TABLES `basic_details` WRITE;
/*!40000 ALTER TABLE `basic_details` DISABLE KEYS */;
INSERT INTO `basic_details` VALUES (1,'shivans','rana','software engineer','ode','bazar','shivam@gmail.com','umreth','1234546677','gj','M',0,'2000-01-12','123456','2024-03-14 06:43:39'),(2,'jay','kakkad','software engineer1','ode1','bazar2','jay@gmail.com','madhvapur','1234546678','gj','M',0,'2000-02-19','123458','2024-03-14 06:45:48'),(3,'jay','kakkad','software engineer1','ode1','bazar2','jay@gmail.com','madhvapur','1234546678','gj','M',0,'2000-02-12','123458','2024-03-14 06:49:09'),(4,'urvashi','goswami','software engineer L1','nana bazar','mota bazar','urvashi@us.com','umreth','123456789','mh','F',0,'2000-02-24','789456','2024-03-14 12:01:40'),(5,'hardik','erda','software engineer L1','bustand','nana bajar','hardik05@hd.com','porbandar','7879798798','gj','M',0,'2000-03-05','123477','2024-03-15 12:24:23'),(6,'hardik','erda','software engineer L1','bustand','nana bajar','hardik05@hd.com','porbandar','7879798798','gj','M',0,'2000-03-05','123477','2024-03-15 12:26:12'),(7,'hardik','erda','software engineer L1','bustand','nana bajar','hardik05@hd.com','porbandar','7879798798','gj','M',0,'2000-03-05','123477','2024-03-15 12:30:17'),(8,'hardik','erda','software engineer L1','bustand','nana bajar','hardik05@hd.com','porbandar','7879798798','gj','M',0,'2000-03-05','123477','2024-03-15 12:31:13'),(9,'hardik','erda','software engineer L1','bustand','nana bajar','hardik05@hd.com','porbandar','7879798798','gj','M',0,'2000-03-05','123477','2024-03-15 12:32:56'),(10,'kaushik','solanki','accountant','umreth','umreth','kaushalpatel@gmail.com','umreth','7879798798','gj',NULL,1,'2000-02-09','123477','2024-03-15 12:46:44'),(11,'kaushik','solanki','accountant','umreth','umreth','kaushalpatel@gmail.com','umreth','7879798798','gj',NULL,1,'2000-02-09','123477','2024-03-15 12:47:17'),(12,'kaushik','solanki','accountant','umreth','umreth','kaushalpatel@gmail.com','umreth','7879798798','gj',NULL,1,'2000-02-09','123477','2024-03-15 12:47:56'),(13,'kaushik','solanki','accountant','umreth','umreth','kaushalpatel@gmail.com','umreth','7879798798','gj',NULL,1,'2000-02-09','123477','2024-03-15 12:53:32'),(14,'kaushik','solanki','accountant','umreth','umreth','kaushalpatel@gmail.com','umreth','7879798798','gj','M',1,'2000-02-09','123477','2024-03-15 12:54:11'),(15,'kaushik','solanki','accountant','umreth','umreth','kaushalpatel@gmail.com','umreth','7879798798','gj','M',1,'2000-02-09','123477','2024-03-15 12:55:00'),(16,'shivam','rana','software engineer L1','ode 2','umreth','shivam.rana@esparkbizmail.com','umreth','09348093458','rj','M',0,'2000-02-07','8998808','2024-03-15 12:58:53'),(17,'shivam','rana','software engineer L1','ode 2','umreth','shivam.rana@esparkbizmail.com','umreth','09348093458','rj','M',0,'2000-02-07','8998808','2024-03-15 12:59:40'),(18,'shivam','rana','software engineer L1','ode 2','umreth','shivam.rana@esparkbizmail.com','umreth','09348093458','rj','M',0,'2000-02-07','8998808','2024-03-15 13:00:08'),(19,'snehal','raj','software engineer L1','umreth','monor tekra','snehal71@gmail.com','vasad','7575813513','gj','F',0,'1998-01-30','454545','2024-03-15 13:05:56'),(20,'snehal','raj','software engineer L1','umreth','monor tekra','snehal71@gmail.com','vasad','7575813513','gj','F',0,'1998-01-30','454545','2024-03-15 13:06:39'),(21,'shivam','rana','software engineer L1','umreth','umreth','shivam.rana@esparkbizmail.com','umreth','7879798798','gj','M',0,'2000-02-07','8998808','2024-03-18 04:05:45'),(22,'shivam','rana','software engineer L1','umreth','umreth','shivam.rana@esparkbizmail.com','umreth','7879798798','gj','M',0,'2000-02-07','8998808','2024-03-18 04:06:02'),(23,'shivam','rana','software engineer L1','umreth','umreth','shivam.rana@esparkbizmail.com','umreth','7879798798','gj','M',0,'2000-02-07','8998808','2024-03-18 04:07:35'),(24,'shivam','rana','mca','umreth1','umreth2','shivam.rana@esparkbizmail.com','umreth','09348093458','gj','M',0,'2000-02-07','8998808','2024-03-18 11:00:26'),(25,'shivam','rana','mca','umreth1','umreth2','shivam.rana@esparkbizmail.com','umreth','09348093458','gj','M',0,'2000-02-07','8998808','2024-03-18 11:03:43'),(26,'shivam','rana','mca','umreth1','umreth2','shivam.rana@esparkbizmail.com','umreth','09348093458','gj','M',0,'2000-02-07','8998808','2024-03-18 11:03:43'),(27,'shivam','rana','mca','umreth1','umreth2','shivam.rana@esparkbizmail.com','umreth','09348093458','gj','M',0,'2000-02-07','8998808','2024-03-18 11:03:43'),(28,'shivam','rana','mca','umreth1','umreth2','shivam.rana@esparkbizmail.com','umreth','09348093458','gj','M',0,'2000-02-07','8998808','2024-03-18 11:03:43'),(29,'shivam','rana','mca','umreth1','umreth2','shivam.rana@esparkbizmail.com','umreth','09348093458','gj','M',0,'2000-02-07','8998808','2024-03-18 11:04:15'),(30,'shivam','rana','mca','umreth1','umreth2','shivam.rana@esparkbizmail.com','umreth','09348093458','gj','M',0,'2000-02-07','8998808','2024-03-18 11:04:20'),(31,'shivam','rana','mca','umreth1','umreth2','shivam.rana@esparkbizmail.com','umreth','09348093458','gj','M',0,'2000-02-07','8998808','2024-03-18 11:05:38'),(32,'shivam','rana','mca','umreth1','umreth2','shivam.rana@esparkbizmail.com','umreth','09348093458','gj','M',0,'2000-02-07','8998808','2024-03-18 11:06:43'),(33,'shivam','rana','mca','umreth1','umreth2','shivam.rana@esparkbizmail.com','umreth','09348093458','gj','M',0,'2000-02-07','8998808','2024-03-18 11:07:50'),(34,'shivam','rana','software engineer L1','ode bazar','bazar 2','shivam.rana@esparkbizmail.com','umreth','7879798798','gj','M',0,'2000-02-07','123477','2024-03-18 11:13:31'),(35,'shivam','solanki','software engineer L1','umreth','umreth','shivam.rana@esparkbizmail.com','umreth','09348093458','gj','M',0,'2000-02-07','8998808','2024-03-18 13:02:20'),(36,'shivam','rana','software engineer L1','umreth','umreth','shivam.rana@esparkbizmail.com','umreth','7879798798','gj','M',1,'2000-02-07','8998808','2024-03-18 13:05:41'),(37,'shivam','rana','software engineer L1','umreth','umreth','shivam.rana@esparkbizmail.com','umreth','09348093458','mh','M',0,'2000-02-07','8998808','2024-03-18 13:08:45'),(38,'shivam','rana','software engineer L1','umreth','umreth','shivam.rana@esparkbizmail.com','umreth','09348093458','mh','M',0,'2000-02-07','8998808','2024-03-18 13:13:13'),(39,'shivam','rana','software engineer L1','umreth','umreth','shivam.rana@esparkbizmail.com','umreth','09348093458','mh','M',0,'2000-02-07','8998808','2024-03-18 13:13:32'),(40,'shivam','rana','software engineer L1','umreth','umreth','shivam.rana@esparkbizmail.com','umreth','09348093458','mh','M',0,'2000-02-07','8998808','2024-03-18 13:13:35'),(41,'shivam','rana','software engineer L1','umreth','umreth','shivam.rana@esparkbizmail.com','umreth','09348093458','mh','M',0,'2000-02-07','8998808','2024-03-18 13:14:43'),(42,'shivam','rana','software engineer L1','ode bazar','bazar 2','shivam.rana@esparkbizmail.com','umreth','7879798798','gj','M',0,'2000-02-07','123477','2024-03-18 13:20:10'),(43,'shivam','rana','software engineer L1','ode bazar','bazar 2','shivam.rana@esparkbizmail.com','umreth','7879798798','gj','M',0,'2000-02-07','123477','2024-03-18 13:21:33'),(44,'urvashi','goswami54','software engineer L1','umreth','umreth2','shivam.rana@esparkbizmail.com','umreth','09348093458','gj','F',0,'2000-02-07','8998808','2024-03-18 13:33:00'),(45,'shivam','rana','software engineer L1','umreth','umreth','shivam.rana@esparkbizmail.com','umreth','09348093458','gj','M',0,'2000-02-07','8998808','2024-03-19 11:56:54'),(46,'shivam','rana','software engineer L1','umreth','umreth','shivam.rana@esparkbizmail.com','umreth','09348093458','mh','M',1,'2000-02-07','8998808','2024-03-19 12:02:14'),(47,'shivam','rana','software engineer L1','umreth','umreth','shivam.rana@esparkbizmail.com','umreth','09348093458','mh','M',0,'2000-02-07','8998808','2024-03-19 12:27:04'),(48,'shivam','rana','software engineer L1','umreth','umreth','shivam.rana@esparkbizmail.com','umreth','09348093458','mh','M',0,'2000-02-07','8998808','2024-03-19 12:27:51'),(49,'shivam','rana','software engineer L1','umreth','umreth','shivam.rana@esparkbizmail.com','umreth','09348093458','mh','M',0,'2000-02-07','8998808','2024-03-19 12:29:22'),(50,'shivam','rana','software engineer L1','umreth','umreth','shivam.rana@esparkbizmail.com','umreth','09348093458','mh','M',0,'2000-02-07','8998808','2024-03-19 12:29:23'),(51,'shivam','rana','software engineer L1','umreth','umreth','shivam.rana@esparkbizmail.com','umreth','09348093458','mh','M',0,'2000-02-07','8998808','2024-03-19 12:29:23'),(52,'shivam','rana','software engineer L1','umreth','umreth','shivam.rana@esparkbizmail.com','umreth','09348093458','mh','M',0,'2000-02-07','8998808','2024-03-19 12:33:18'),(53,'shivam','rana','software engineer L1','umreth','umreth','shivam.rana@esparkbizmail.com','umreth','09348093458','mh','M',0,'2000-02-07','8998808','2024-03-19 12:33:18'),(54,'shivam','rana','software engineer L1','umreth','umreth','shivam.rana@esparkbizmail.com','umreth','09348093458','mh','M',0,'2000-02-07','8998808','2024-03-19 12:33:57'),(55,'shivam','rana','software engineer L1','umreth','umreth','shivam.rana@esparkbizmail.com','umreth','09348093458','mh','M',0,'2000-02-07','8998808','2024-03-19 12:35:40'),(56,'urvashi','rana','software engineer L1','umreth','umreth','shivam.rana@esparkbizmail.com','umreth','09348093458','mh','F',0,'2000-02-07','8998808','2024-03-19 12:38:37'),(57,'urvashi','rana','software engineer L1','umreth','umreth','shivam.rana@esparkbizmail.com','umreth','09348093458','mh','F',0,'2000-02-07','8998808','2024-03-19 12:39:57'),(58,'urvashi','rana','software engineer L1','umreth','umreth','shivam.rana@esparkbizmail.com','umreth','09348093458','mh','F',0,'2000-02-07','8998808','2024-03-19 12:40:43'),(59,'urvashi','rana','software engineer L1','umreth','umreth','shivam.rana@esparkbizmail.com','umreth','09348093458','mh','F',0,'2000-02-07','8998808','2024-03-19 12:40:43'),(60,'urvashi','rana','software engineer L1','umreth','umreth','shivam.rana@esparkbizmail.com','umreth','09348093458','mh','F',0,'2000-02-07','8998808','2024-03-19 12:45:08'),(61,'urvashi','rana','software engineer L1','umreth','umreth','shivam.rana@esparkbizmail.com','umreth','09348093458','mh','F',0,'2000-02-07','8998808','2024-03-19 12:45:18'),(62,'urvashi','rana','software engineer L1','umreth','umreth','shivam.rana@esparkbizmail.com','umreth','09348093458','mh','F',0,'2000-02-07','8998808','2024-03-19 12:46:22'),(63,'shivam','rana','software engineer L1','umreth','umreth','shivam.rana@esparkbizmail.com','umreth','09348093458','gj','M',0,'2000-02-07','8998808','2024-03-19 12:50:08'),(64,'shivam','rana','software engineer L1','umreth','umreth','shivam.rana@esparkbizmail.com','umreth','09348093458','gj','M',0,'2000-02-07','8998808','2024-03-19 12:50:43'),(65,'shivam','rana','software engineer L1','umreth','umreth','shivam.rana@esparkbizmail.com','umreth','09348093458','gj','M',0,'2000-02-07','8998808','2024-03-19 12:50:43'),(66,'shivam','rana','software engineer L1','umreth','umreth','shivam.rana@esparkbizmail.com','umreth','09348093458','gj','M',0,'2000-02-07','8998808','2024-03-19 12:51:40'),(67,'shivam','rana','software engineer L1','umreth','umreth','shivam.rana@esparkbizmail.com','umreth','09348093458','gj','M',0,'2000-02-07','8998808','2024-03-19 12:51:40'),(68,'shivam','rana','software engineer L1','umreth','umreth','shivam.rana@esparkbizmail.com','umreth','09348093458','gj','M',0,'2000-02-07','8998808','2024-03-19 12:52:11'),(69,'shivam','rana','software engineer L1','umreth','umreth','shivam.rana@esparkbizmail.com','umreth','09348093458','gj','M',0,'2000-02-07','8998808','2024-03-19 12:52:11'),(70,'shivam','rana','software engineer L1','umreth','umreth','shivam.rana@esparkbizmail.com','umreth','09348093458','gj','M',0,'2000-02-07','8998808','2024-03-19 12:53:30'),(71,'shivam','rana','software engineer L1','umreth','umreth','shivam.rana@esparkbizmail.com','umreth','09348093458','gj','M',0,'2000-02-07','8998808','2024-03-19 12:53:30'),(72,'shivam','rana','software engineer L1','umreth','umreth','shivam.rana@esparkbizmail.com','umreth','09348093458','gj','M',0,'2000-02-07','8998808','2024-03-19 12:54:24'),(73,'shivam','rana','software engineer L1','umreth','umreth','shivam.rana@esparkbizmail.com','umreth','09348093458','gj','M',0,'2000-02-07','8998808','2024-03-19 12:54:48'),(74,'shivam','rana','software engineer L1','umreth','umreth','shivam.rana@esparkbizmail.com','umreth','09348093458','gj','M',0,'2000-02-07','8998808','2024-03-19 12:55:39'),(75,'urvashi','rana','software engineer L1','umreth','umreth','shivam.rana@esparkbizmail.com','umreth','09348093458','mh','F',0,'2000-02-07','8998808','2024-03-19 12:56:16'),(76,'shivam','rana','software engineer L1','umreth','umreth','shivam.rana@esparkbizmail.com','vasad','09348093458','gj','M',1,'2000-02-07','8998808','2024-03-19 12:57:40'),(77,'shivam','rana','software engineer L1','umreth','umreth','shivam.rana@esparkbizmail.com','vasad','09348093458','gj','M',1,'2000-02-07','8998808','2024-03-19 13:00:32'),(78,'shivam','rana','software engineer L1','umreth','umreth','shivam.rana@esparkbizmail.com','vasad','09348093458','gj','M',1,'2000-02-07','8998808','2024-03-19 13:04:10'),(79,'hardik','erda','software engineer L1','umreth','umreth','hardik@esparkbizmail.com','umreth','09348093458','mh','M',1,'2000-02-07','8998808','2024-03-19 13:05:55'),(80,'hardik','erda','software engineer L1','umreth','umreth','hardik@esparkbizmail.com','umreth','09348093458','mh','M',1,'2000-02-07','8998808','2024-03-19 13:07:52'),(81,'jay','kakkad','software engineer1','ode1','bazar2','jay@gmail.com','madhvapur','1234546678','gj','M',0,'2000-03-02','123458','2024-03-19 13:48:57'),(82,'jay','kakkad','software engineer1','ode1','bazar2','jay@gmail.com','madhvapur','1234546678','gj','M',0,'2000-03-02','123458','2024-03-19 13:55:54'),(83,'shivans','rana','software engineer','ode','bazar','shivam@gmail.com','umreth','1234546677','gj','M',0,'2000-01-19','123456','2024-03-20 10:55:48'),(84,'shivans','rana','software engineer','ode','bazar','shivam@gmail.com','umreth','1234546677','gj','M',0,'2000-01-18','123456','2024-03-20 10:55:54'),(85,'shivans','rana','software engineer','ode','bazar','shivam@gmail.com','umreth','1234546677','gj','M',0,'2000-01-18','123456','2024-03-20 10:56:30'),(86,'shivans','rana','software engineer','ode','bazar','shivam@gmail.com','umreth','1234546677','gj','M',0,'2000-01-17','123456','2024-03-20 10:57:57'),(87,'shivans','rana','software engineer','ode','bazar','shivam@gmail.com','umreth','1234546677','gj','M',0,'2000-01-16','123456','2024-03-20 12:55:27'),(88,'urmila','rana','software engineer L1','ode bazar','nr swaminarayan mandir ','urmila@123.com','umreth','9898371121','gj','F',0,'1998-01-30','388220','2024-03-20 13:01:38'),(89,'urmila','rana','software engineer L1','umreth1','umreth2','urmila@123.com','umreth','09348093458','mh','F',0,'2000-02-04','8998808','2024-03-20 13:10:46'),(90,'urmila','rana','software engineer L1','umreth1','umreth2','urmila@123.com','umreth','09348093458','mh','F',0,'2000-02-04','8998808','2024-03-20 13:11:08');
/*!40000 ALTER TABLE `basic_details` ENABLE KEYS */;
UNLOCK TABLES;

--
-- Table structure for table `education`
--

DROP TABLE IF EXISTS `education`;
/*!40101 SET @saved_cs_client     = @@character_set_client */;
/*!50503 SET character_set_client = utf8mb4 */;
CREATE TABLE `education` (
  `bid` int NOT NULL AUTO_INCREMENT,
  `course` varchar(30) DEFAULT NULL,
  `passing_year` varchar(4) DEFAULT NULL,
  `percentage` float(5,2) DEFAULT NULL,
  `basic_id` int NOT NULL,
  PRIMARY KEY (`bid`)
) ENGINE=InnoDB AUTO_INCREMENT=197 DEFAULT CHARSET=utf8mb4 COLLATE=utf8mb4_0900_ai_ci;
/*!40101 SET character_set_client = @saved_cs_client */;

--
-- Dumping data for table `education`
--

LOCK TABLES `education` WRITE;
/*!40000 ALTER TABLE `education` DISABLE KEYS */;
INSERT INTO `education` VALUES (1,'bca','2017',75.00,1),(2,'mca','2020',80.00,1),(3,'mtec','2025',77.00,1),(4,'phd','2025',74.00,1),(5,'ssc','2016',66.00,2),(6,'hsc','2018',73.00,2),(7,'BCA','2021',81.00,2),(8,'MCA','2024',70.00,2),(9,'ssc','2016',66.00,3),(10,'hsc','2018',73.00,3),(11,'BCA','2021',81.00,3),(12,'MCA','2024',70.00,3),(13,'ssc','2015',66.00,4),(14,'hsc','2017',76.00,4),(15,'BCOM','2019',67.00,4),(16,'MBBS','2025',72.00,4),(17,'mca','2015',66.00,11),(18,'mca','2015',66.00,12),(19,'mca','2015',66.00,12),(20,'mca','2015',66.00,12),(21,'mca','2015',66.00,13),(22,'mca','2015',66.00,13),(23,'mca','2015',66.00,13),(24,'mca','2015',66.00,14),(25,'mca','2015',66.00,14),(26,'mca','2015',66.00,15),(27,'mca','2015',66.00,15),(28,'mca','2015',66.00,16),(29,'mca','2015',66.00,17),(30,'mca','2015',66.00,18),(31,'mca','2024',80.00,19),(32,'mca','2024',80.00,20),(33,'mca','2015',66.00,24),(34,'QWR','2015',66.00,24),(35,'mca','2015',66.00,25),(36,'QWR','2015',66.00,25),(37,'mca','2015',66.00,26),(38,'QWR','2015',66.00,26),(39,'mca','2015',66.00,27),(40,'QWR','2015',66.00,27),(41,'mca','2015',66.00,28),(42,'QWR','2015',66.00,28),(43,'mca','2015',66.00,29),(44,'QWR','2015',66.00,29),(45,'mca','2015',66.00,30),(46,'QWR','2015',66.00,30),(47,'mca','2015',66.00,31),(48,'QWR','2015',66.00,31),(49,'mca','2015',66.00,33),(50,'QWR','2015',66.00,33),(51,'mca','2015',66.00,34),(52,'mca','2015',66.00,35),(53,'mca','2015',66.00,36),(54,'mcaaa','2015',66.00,36),(55,'mcaaaa','2016',66.00,36),(56,'mca','2024',66.00,37),(57,'mcaaa','2012',66.00,37),(58,'cxxx','2024',66.00,37),(59,'mca','2024',66.00,38),(60,'mcaaa','2012',66.00,38),(61,'cxxx','2024',66.00,38),(62,'mca','2024',66.00,39),(63,'mcaaa','2012',66.00,39),(64,'cxxx','2024',66.00,39),(65,'mca','2024',66.00,40),(66,'mcaaa','2012',66.00,40),(67,'cxxx','2024',66.00,40),(68,'mca','2024',66.00,41),(69,'mca','2015',66.00,42),(70,'mca','2015',66.00,43),(71,'mca','2015',55.00,44),(72,'mca','2015',66.00,47),(73,'mca2','2015',66.00,47),(74,'mca','2015',66.00,48),(75,'mca2','2015',66.00,48),(76,'mca','2015',66.00,49),(77,'mca2','2015',66.00,49),(78,'mca','2015',66.00,50),(79,'mca2','2015',66.00,50),(80,'mca','2015',66.00,51),(81,'mca2','2015',66.00,51),(82,'mca','2015',66.00,52),(83,'mca2','2015',66.00,52),(84,'mca','2015',66.00,53),(85,'mca2','2015',66.00,53),(86,'mca','2015',66.00,54),(87,'mca2','2015',66.00,54),(88,'mca','2015',66.00,55),(89,'mca2','2015',66.00,55),(90,'mca','2012',66.00,56),(91,'mca2','2013',67.00,56),(92,'mca','2012',66.00,57),(93,'mca2','2013',67.00,57),(94,'mca','2012',66.00,58),(95,'mca2','2013',67.00,58),(96,'mca','2012',66.00,59),(97,'mca2','2013',67.00,59),(98,'mca','2012',66.00,60),(99,'mca2','2013',67.00,60),(100,'mca','2012',66.00,61),(101,'mca2','2013',67.00,61),(102,'mca','2012',66.00,62),(103,'mca2','2013',67.00,62),(104,'mca','2015',66.00,63),(105,'mca','2015',66.00,63),(106,'mca','2015',66.00,63),(107,'mca','2015',66.00,64),(108,'mca','2015',66.00,64),(109,'mca','2015',66.00,64),(110,'mca','2015',66.00,65),(111,'mca','2015',66.00,65),(112,'mca','2015',66.00,65),(113,'mca','2015',66.00,66),(114,'mca','2015',66.00,66),(115,'mca','2015',66.00,66),(116,'mca','2015',66.00,67),(117,'mca','2015',66.00,67),(118,'mca','2015',66.00,67),(119,'mca','2015',66.00,68),(120,'mca','2015',66.00,68),(121,'mca','2015',66.00,68),(122,'mca','2015',66.00,69),(123,'mca','2015',66.00,69),(124,'mca','2015',66.00,69),(125,'mca','2015',66.00,70),(126,'mca','2015',66.00,70),(127,'mca','2015',66.00,70),(128,'mca','2015',66.00,71),(129,'mca','2015',66.00,71),(130,'mca','2015',66.00,71),(131,'mca','2015',66.00,72),(132,'mca','2015',66.00,72),(133,'mca','2015',66.00,72),(134,'mca','2015',66.00,73),(135,'mca','2015',66.00,73),(136,'mca','2015',66.00,73),(137,'mca','2015',66.00,74),(138,'mca','2015',66.00,74),(139,'mca','2015',66.00,74),(140,'mca','2012',66.00,75),(141,'mca2','2013',67.00,75),(142,'mca','2015',66.00,76),(143,'mca','2015',66.00,76),(144,'mca','2015',66.00,76),(145,'mca','2015',66.00,77),(146,'mca','2015',66.00,77),(147,'mca','2015',66.00,77),(148,'mca','2015',66.00,78),(149,'mca','2015',66.00,78),(150,'mca','2015',66.00,78),(151,'mca','2015',61.00,79),(152,'mca','2015',61.00,79),(153,'mca2','2015',81.00,79),(154,'mca','2015',61.00,80),(155,'mca','2015',61.00,80),(156,'mca2','2015',81.00,80),(157,'MCA','2024',70.00,81),(158,'ssc','2016',66.00,81),(159,'hsc','2018',73.00,81),(160,'BCA','2021',81.00,81),(161,'MCA','2024',70.00,81),(162,'MCA','2024',70.00,82),(163,'ssc','2016',66.00,82),(164,'hsc','2018',73.00,82),(165,'BCA','2021',81.00,82),(166,'MCA','2024',70.00,82),(167,'phd','2025',74.00,83),(168,'bca','2017',75.00,83),(169,'mca','2020',80.00,83),(170,'mtec','2025',77.00,83),(171,'phd','2025',74.00,83),(172,'phd','2025',74.00,84),(173,'bca','2017',75.00,84),(174,'mca','2020',80.00,84),(175,'mtec','2025',77.00,84),(176,'phd','2025',74.00,84),(177,'phd','2025',74.00,85),(178,'bca','2017',75.00,85),(179,'mca','2020',80.00,85),(180,'mtec','2025',77.00,85),(181,'phd','2025',74.00,85),(182,'phd','2025',74.00,86),(183,'bca','2017',75.00,86),(184,'mca','2020',80.00,86),(185,'mtec','2025',77.00,86),(186,'phd','2025',74.00,86),(187,'phd','2025',74.00,87),(188,'bca','2017',75.00,87),(189,'mca','2020',80.00,87),(190,'mtec','2025',77.00,87),(191,'phd','2025',74.00,87),(192,'mca','2020',75.00,88),(193,'mca','2017',66.00,89),(194,'mca','2017',66.00,90),(195,'MBA','2023',72.00,4),(196,'mca','2017',66.00,89);
/*!40000 ALTER TABLE `education` ENABLE KEYS */;
UNLOCK TABLES;

--
-- Table structure for table `language`
--

DROP TABLE IF EXISTS `language`;
/*!40101 SET @saved_cs_client     = @@character_set_client */;
/*!50503 SET character_set_client = utf8mb4 */;
CREATE TABLE `language` (
  `lid` int NOT NULL AUTO_INCREMENT,
  `basic_id` int DEFAULT NULL,
  `lang_name` varchar(10) NOT NULL,
  `lread` tinyint(1) DEFAULT '0',
  `lwrite` tinyint(1) DEFAULT '0',
  `lspeak` tinyint(1) DEFAULT '0',
  PRIMARY KEY (`lid`),
  KEY `pid` (`basic_id`)
) ENGINE=InnoDB AUTO_INCREMENT=125 DEFAULT CHARSET=utf8mb4 COLLATE=utf8mb4_0900_ai_ci;
/*!40101 SET character_set_client = @saved_cs_client */;

--
-- Dumping data for table `language`
--

LOCK TABLES `language` WRITE;
/*!40000 ALTER TABLE `language` DISABLE KEYS */;
INSERT INTO `language` VALUES (1,1,'hindi',1,1,1),(2,1,'english',1,1,1),(3,1,'gujarati',1,1,1),(4,2,'hindi',1,1,1),(5,2,'english',1,1,1),(6,2,'gujarati',1,1,1),(7,3,'english',1,1,1),(8,3,'gujarati',1,0,0),(9,4,'hindi',1,1,1),(10,4,'english',1,1,1),(11,4,'gujarati',0,0,1),(12,8,'hindi',1,1,1),(13,8,'english',1,1,0),(14,8,'gujarati',0,1,0),(15,9,'hindi',1,1,1),(16,9,'english',1,1,0),(17,9,'gujarati',0,1,0),(18,10,'hindi',1,1,1),(19,10,'english',1,1,0),(20,11,'hindi',1,1,1),(21,11,'english',1,1,0),(22,12,'hindi',0,0,0),(23,12,'english',0,0,0),(24,13,'hindi',0,0,0),(25,13,'english',0,0,0),(26,14,'hindi',0,0,0),(27,14,'english',0,0,0),(28,15,'hindi',0,0,0),(29,15,'english',0,0,0),(30,16,'hindi',1,1,1),(31,17,'hindi',1,1,1),(32,18,'hindi',1,1,1),(33,19,'english',1,1,1),(34,19,'gujarati',1,1,1),(35,20,'english',0,0,0),(36,20,'gujarati',0,0,0),(37,23,'English',0,0,0),(38,24,'hindi',0,0,0),(39,25,'hindi',0,0,0),(40,26,'hindi',0,0,0),(41,27,'hindi',0,0,0),(42,28,'hindi',0,0,0),(43,29,'hindi',0,0,0),(44,30,'hindi',0,0,0),(45,31,'hindi',0,0,0),(46,36,'hindi',1,1,1),(47,36,'gujarati',0,1,1),(48,37,'hindi',1,1,1),(49,37,'english',0,0,1),(50,38,'hindi',1,1,1),(51,38,'english',0,0,1),(52,39,'hindi',1,1,1),(53,39,'english',0,0,1),(54,40,'hindi',1,1,1),(55,40,'english',0,0,1),(56,41,'hindi',1,1,1),(57,41,'english',1,0,1),(58,42,'hindi',0,0,0),(59,42,'english',0,0,0),(60,42,'gujarati',0,0,0),(61,43,'hindi',0,0,0),(62,43,'english',0,0,0),(63,43,'gujarati',0,0,0),(64,44,'english',0,1,1),(65,45,'hindi',1,1,1),(66,55,'hindi',1,1,1),(67,55,'english',0,1,0),(68,56,'hindi',1,1,1),(69,56,'gujarati',0,1,1),(70,57,'hindi',1,1,1),(71,57,'gujarati',0,1,1),(72,58,'hindi',1,1,1),(73,58,'gujarati',0,1,1),(74,59,'hindi',1,1,1),(75,59,'gujarati',0,1,1),(76,60,'hindi',1,1,1),(77,60,'gujarati',0,1,1),(78,61,'hindi',1,1,1),(79,61,'gujarati',0,1,1),(80,62,'hindi',1,1,1),(81,62,'gujarati',0,1,1),(82,63,'hindi',1,1,1),(83,64,'hindi',1,1,1),(84,65,'hindi',1,1,1),(85,66,'hindi',1,1,1),(86,67,'hindi',1,1,1),(87,68,'hindi',1,1,1),(88,69,'hindi',1,1,1),(89,70,'hindi',1,1,1),(90,71,'hindi',1,1,1),(91,72,'hindi',1,1,1),(92,73,'hindi',1,1,1),(93,74,'hindi',1,1,1),(94,75,'hindi',1,1,1),(95,75,'gujarati',0,1,1),(96,76,'hindi',1,1,1),(97,77,'hindi',1,1,1),(98,78,'hindi',1,1,1),(99,79,'english',1,1,1),(100,80,'english',1,1,1),(101,80,'gujarati',1,1,0),(102,81,'english',1,1,1),(103,81,'gujarati',0,0,1),(104,82,'english',1,1,1),(105,82,'gujarati',0,0,1),(106,83,'hindi',1,1,1),(107,83,'english',1,1,1),(108,83,'gujarati',1,1,1),(109,84,'hindi',1,1,1),(110,84,'english',1,1,1),(111,84,'gujarati',1,1,1),(112,85,'hindi',1,1,1),(113,85,'english',1,1,1),(114,85,'gujarati',1,1,1),(115,86,'hindi',1,1,1),(116,86,'english',1,1,1),(117,86,'gujarati',1,1,1),(118,87,'hindi',1,1,1),(119,87,'english',1,1,1),(120,87,'gujarati',1,1,1),(121,88,'english',1,1,1),(122,89,'english',0,1,0),(123,90,'english',1,1,1),(124,3,'hindi',1,1,1);
/*!40000 ALTER TABLE `language` ENABLE KEYS */;
UNLOCK TABLES;

--
-- Table structure for table `preference`
--

DROP TABLE IF EXISTS `preference`;
/*!40101 SET @saved_cs_client     = @@character_set_client */;
/*!50503 SET character_set_client = utf8mb4 */;
CREATE TABLE `preference` (
  `rid` int NOT NULL AUTO_INCREMENT,
  `location` varchar(20) DEFAULT NULL,
  `notice_period` varchar(20) DEFAULT NULL,
  `expected_ctc` int DEFAULT NULL,
  `current_ctc` int NOT NULL,
  `department` varchar(20) DEFAULT NULL,
  `basic_id` int DEFAULT NULL,
  PRIMARY KEY (`rid`)
) ENGINE=InnoDB AUTO_INCREMENT=75 DEFAULT CHARSET=utf8mb4 COLLATE=utf8mb4_0900_ai_ci;
/*!40101 SET character_set_client = @saved_cs_client */;

--
-- Dumping data for table `preference`
--

LOCK TABLES `preference` WRITE;
/*!40000 ALTER TABLE `preference` DISABLE KEYS */;
INSERT INTO `preference` VALUES (1,'rjt','two_months',600000,400000,'desing',1),(2,'rjt','two_months',500000,600000,'desing',2),(3,'rjt','two_months',500000,600000,'desing',3),(4,'ahmd','two_months',600000,400000,'desing',4),(5,'mumbai','three_months',700000,600000,'development',8),(6,'mumbai','three_months',700000,600000,'development',9),(7,'texas','three_months',700000,450000,'account',10),(8,'texas','three_months',700000,450000,'account',11),(9,'texas','three_months',700000,450000,'account',12),(10,'texas','three_months',700000,450000,'account',13),(11,'texas','three_months',700000,450000,'account',14),(12,'texas','three_months',700000,450000,'account',15),(13,'mumbai','three_months',700000,450000,'marketing',16),(14,'mumbai','three_months',700000,450000,'marketing',17),(15,'mumbai','three_months',700000,450000,'marketing',18),(16,'ahmd','no_notice',1000000,800000,'development',19),(17,'ahmd','no_notice',1000000,800000,'development',20),(18,'rjt','three_months',700000,450000,'development',24),(19,'rjt','three_months',700000,450000,'development',25),(20,'rjt','three_months',700000,450000,'development',26),(21,'rjt','three_months',700000,450000,'development',27),(22,'rjt','three_months',700000,450000,'development',28),(23,'rjt','three_months',700000,450000,'development',29),(24,'rjt','three_months',700000,450000,'development',30),(25,'rjt','three_months',700000,450000,'development',31),(26,'texas','three_months',700000,800000,'development',36),(27,'rjt','no_notice',700000,450000,'development',37),(28,'rjt','no_notice',700000,450000,'development',38),(29,'rjt','no_notice',700000,450000,'development',39),(30,'rjt','no_notice',700000,450000,'development',40),(31,'rjt','no_notice',700000,450000,'development',41),(32,'rjt','three_months',700000,800000,'development',42),(33,'rjt','three_months',700000,800000,'development',43),(34,'texas','no_notice',700000,800000,'account',44),(35,'rjt','three_months',700000,450000,'desing',48),(36,'rjt','three_months',700000,450000,'desing',49),(37,'rjt','three_months',700000,450000,'desing',50),(38,'rjt','three_months',700000,450000,'desing',51),(39,'rjt','three_months',700000,450000,'desing',52),(40,'rjt','three_months',700000,450000,'desing',53),(41,'rjt','three_months',700000,450000,'desing',54),(42,'rjt','three_months',700000,450000,'desing',55),(43,'rjt','three_months',700000,450000,'desing',58),(44,'rjt','three_months',700000,450000,'desing',59),(45,'rjt','three_months',700000,450000,'desing',60),(46,'rjt','three_months',700000,450000,'desing',61),(47,'rjt','three_months',700000,450000,'desing',62),(48,'rjt','three_months',700000,450000,'desing',64),(49,'rjt','three_months',700000,450000,'desing',65),(50,'rjt','three_months',700000,450000,'desing',66),(51,'rjt','three_months',700000,450000,'desing',67),(52,'rjt','three_months',700000,450000,'desing',68),(53,'rjt','three_months',700000,450000,'desing',69),(54,'rjt','three_months',700000,450000,'desing',70),(55,'rjt','three_months',700000,450000,'desing',71),(56,'rjt','three_months',700000,450000,'desing',72),(57,'rjt','three_months',700000,450000,'desing',73),(58,'rjt','three_months',700000,450000,'desing',74),(59,'rjt','three_months',700000,450000,'desing',75),(60,'rjt','three_months',700000,450000,'desing',76),(61,'rjt','three_months',700000,450000,'desing',77),(62,'rjt','three_months',700000,450000,'desing',78),(63,'rjt','three_months',700000,800000,'development',79),(64,'rjt','three_months',700000,800000,'development',80),(65,'rjt','two_months',500000,600000,'desing',81),(66,'rjt','two_months',500000,600000,'desing',82),(67,'rjt','two_months',600000,400000,'desing',83),(68,'rjt','two_months',600000,400000,'desing',84),(69,'rjt','two_months',600000,400000,'desing',85),(70,'rjt','two_months',600000,400000,'desing',86),(71,'rjt','two_months',600000,400000,'desing',87),(72,'rjt','two_months',700000,750000,'development',88),(73,'rjt','three_months',700000,450000,'desing',89),(74,'rjt','three_months',700000,450000,'desing',90);
/*!40000 ALTER TABLE `preference` ENABLE KEYS */;
UNLOCK TABLES;

--
-- Table structure for table `ref_contact`
--

DROP TABLE IF EXISTS `ref_contact`;
/*!40101 SET @saved_cs_client     = @@character_set_client */;
/*!50503 SET character_set_client = utf8mb4 */;
CREATE TABLE `ref_contact` (
  `rid` int NOT NULL AUTO_INCREMENT,
  `basic_id` int DEFAULT NULL,
  `rfname` varchar(20) NOT NULL,
  `refphone` varchar(14) NOT NULL,
  `relation` varchar(20) NOT NULL,
  PRIMARY KEY (`rid`)
) ENGINE=InnoDB AUTO_INCREMENT=159 DEFAULT CHARSET=utf8mb4 COLLATE=utf8mb4_0900_ai_ci;
/*!40101 SET character_set_client = @saved_cs_client */;

--
-- Dumping data for table `ref_contact`
--

LOCK TABLES `ref_contact` WRITE;
/*!40000 ALTER TABLE `ref_contact` DISABLE KEYS */;
INSERT INTO `ref_contact` VALUES (1,1,'shivam1','123456','relation1'),(2,1,'shivam2','123456','relation2'),(3,2,'shivam1','1234567','relation1'),(4,2,'shivam2','1234567','relation2'),(5,3,'shivam1','1234567','relation1'),(6,3,'shivam26','1234567','relation2'),(7,4,'shivam11','1234567','relation12'),(8,4,'shivam22','1234567','relation22'),(9,8,'kaushik','1234567','relation1'),(10,8,'shivam','1234569','relation2'),(11,9,'kaushik','1234567','relation1'),(12,9,'shivam','1234569','relation2'),(13,10,'kaushik','1234563','relation12'),(14,10,'shivam11','1234567','relation11'),(15,11,'kaushik','1234563','relation12'),(16,11,'shivam11','1234567','relation11'),(17,12,'kaushik','1234563','relation12'),(18,12,'shivam11','1234567','relation11'),(19,13,'kaushik','1234563','relation12'),(20,13,'shivam11','1234567','relation11'),(21,14,'kaushik','1234563','relation12'),(22,14,'shivam11','1234567','relation11'),(23,15,'kaushik','1234563','relation12'),(24,15,'shivam11','1234567','relation11'),(25,16,'kaushik','1234567','relation12'),(26,16,'kaushik2','1234563','relation12'),(27,17,'kaushik','1234567','relation12'),(28,17,'kaushik2','1234563','relation12'),(29,18,'kaushik','1234567','relation12'),(30,18,'kaushik2','1234563','relation12'),(31,19,'shivam','8401543145','friend'),(32,19,'ronak','788464654','friend'),(33,20,'shivam','8401543145','friend'),(34,20,'ronak','788464654','friend'),(35,23,'','',''),(36,24,'','',''),(37,24,'','',''),(38,25,'','',''),(39,25,'','',''),(40,26,'','',''),(41,26,'','',''),(42,27,'','',''),(43,27,'','',''),(44,28,'','',''),(45,28,'','',''),(46,29,'','',''),(47,29,'','',''),(48,30,'','',''),(49,30,'','',''),(50,31,'','',''),(51,31,'','',''),(52,36,'kaushik','1234567','relation12'),(53,36,'shivam','1234563','friend'),(54,37,'shivam','1234567','relation12'),(55,37,'kaushik','1234567','relation12'),(56,38,'shivam','1234567','relation12'),(57,38,'kaushik','1234567','relation12'),(58,39,'shivam','1234567','relation12'),(59,39,'kaushik','1234567','relation12'),(60,40,'shivam','1234567','relation12'),(61,40,'kaushik','1234567','relation12'),(62,41,'shivam','1234567','relation12'),(63,41,'kaushik','1234567','relation12'),(64,42,'kaushik','1234567','friend'),(65,42,'shivam','1234569','relation1'),(66,43,'kaushik','1234567','friend'),(67,43,'shivam','1234569','relation1'),(68,44,'kaushik','1234567','friend'),(69,44,'shivam11','1234563','relation1'),(70,45,'k','1','r'),(71,47,'kaushik','1234567','relation12'),(72,47,'kaushik','1234563','relation12'),(73,48,'kaushik','1234567','relation12'),(74,48,'kaushik','1234563','relation12'),(75,49,'kaushik','1234567','relation12'),(76,49,'kaushik','1234563','relation12'),(77,50,'kaushik','1234567','relation12'),(78,50,'kaushik','1234563','relation12'),(79,51,'kaushik','1234567','relation12'),(80,51,'kaushik','1234563','relation12'),(81,52,'kaushik','1234567','relation12'),(82,52,'kaushik','1234563','relation12'),(83,53,'kaushik','1234567','relation12'),(84,53,'kaushik','1234563','relation12'),(85,54,'kaushik','1234567','relation12'),(86,54,'kaushik','1234563','relation12'),(87,55,'kaushik','1234567','relation12'),(88,55,'kaushik','1234563','relation12'),(89,56,'','',''),(90,56,'','',''),(91,57,'kaushik','1234567','relation12'),(92,57,'shivam','1234567','relation12'),(93,58,'kaushik','1234567','relation12'),(94,58,'shivam','1234567','relation12'),(95,59,'kaushik','1234567','relation12'),(96,59,'shivam','1234567','relation12'),(97,60,'kaushik','1234567','relation12'),(98,60,'shivam','1234567','relation12'),(99,61,'kaushik','1234567','relation12'),(100,61,'shivam','1234567','relation12'),(101,62,'kaushik','1234567','relation12'),(102,62,'shivam','1234567','relation12'),(103,63,'','',''),(104,63,'','',''),(105,64,'shivam11','1234567','relation12'),(106,64,'kaushik2','1234567','relation12'),(107,65,'shivam11','1234567','relation12'),(108,65,'kaushik2','1234567','relation12'),(109,66,'shivam11','1234567','relation12'),(110,66,'kaushik2','1234567','relation12'),(111,67,'shivam11','1234567','relation12'),(112,67,'kaushik2','1234567','relation12'),(113,68,'shivam11','1234567','relation12'),(114,68,'kaushik2','1234567','relation12'),(115,69,'shivam11','1234567','relation12'),(116,69,'kaushik2','1234567','relation12'),(117,70,'shivam11','1234567','relation12'),(118,70,'kaushik2','1234567','relation12'),(119,71,'shivam11','1234567','relation12'),(120,71,'kaushik2','1234567','relation12'),(121,72,'shivam11','1234567','relation12'),(122,72,'kaushik2','1234567','relation12'),(123,73,'shivam11','1234567','relation12'),(124,73,'kaushik2','1234567','relation12'),(125,74,'shivam11','1234567','relation12'),(126,74,'kaushik2','1234567','relation12'),(127,75,'kaushik','1234567','relation12'),(128,75,'shivam','1234567','relation12'),(129,76,'kaushik','1234567','friend'),(130,76,'shivam','1234563','friend'),(131,77,'kaushik','1234567','friend'),(132,77,'shivam','1234563','friend'),(133,78,'kaushik','1234567','friend'),(134,78,'shivam','1234563','friend'),(135,79,'kaushik','1234563','relation12'),(136,79,'shivam','1234567','friend'),(137,80,'kaushik','1234563','relation12'),(138,80,'shivam','1234567','friend'),(139,81,'shivam1','1234567','relation1'),(140,81,'shivam2','1234567','relation2'),(141,82,'shivam1','1234567','relation1'),(142,82,'shivam2','1234567','relation2'),(143,83,'shivam1','123456','relation1'),(144,83,'shivam2','123456','relation2'),(145,84,'shivam1','123456','relation1'),(146,84,'shivam2','123456','relation2'),(147,85,'shivam1','123456','relation1'),(148,85,'shivam2','123456','relation2'),(149,86,'shivam1','123456','relation1'),(150,86,'shivam2','123456','relation2'),(151,87,'shivam1','123456','relation1'),(152,87,'shivam2','123456','relation2'),(153,88,'shivam11','1234567','friend'),(154,88,'shivam123','123456333','relation133'),(155,89,'shivam11','1234567','friend'),(156,89,'shivam12','1234563','relation1'),(157,90,'shivam11','1234567','friend'),(158,90,'shivam12','1234563','relation1');
/*!40000 ALTER TABLE `ref_contact` ENABLE KEYS */;
UNLOCK TABLES;

--
-- Table structure for table `technology`
--

DROP TABLE IF EXISTS `technology`;
/*!40101 SET @saved_cs_client     = @@character_set_client */;
/*!50503 SET character_set_client = utf8mb4 */;
CREATE TABLE `technology` (
  `tid` int NOT NULL AUTO_INCREMENT,
  `basic_id` int DEFAULT NULL,
  `technology_name` varchar(10) NOT NULL,
  `status` varchar(10) DEFAULT NULL,
  PRIMARY KEY (`tid`)
) ENGINE=InnoDB AUTO_INCREMENT=149 DEFAULT CHARSET=utf8mb4 COLLATE=utf8mb4_0900_ai_ci;
/*!40101 SET character_set_client = @saved_cs_client */;

--
-- Dumping data for table `technology`
--

LOCK TABLES `technology` WRITE;
/*!40000 ALTER TABLE `technology` DISABLE KEYS */;
INSERT INTO `technology` VALUES (1,1,'php','0'),(2,1,'python','mediator'),(3,2,'php','begginer'),(4,2,'python','mediator'),(5,3,'php','begginer'),(6,3,'python','expert'),(7,4,'php','begginer'),(8,4,'python','begginer'),(9,4,'java','begginer'),(10,8,'php','expert'),(11,8,'python','0'),(12,8,'java','0'),(13,9,'php','expert'),(14,9,'python','0'),(15,9,'java','0'),(16,10,'php','mediator'),(17,10,'java',NULL),(18,11,'php','mediator'),(19,11,'java',NULL),(20,12,'php',NULL),(21,12,'java',NULL),(22,13,'php',NULL),(23,13,'java',NULL),(24,14,'php',NULL),(25,14,'java',NULL),(26,15,'php',NULL),(27,15,'java',NULL),(28,16,'p','expert'),(29,16,'h',NULL),(30,16,'p',NULL),(31,17,'p','expert'),(32,17,'h',NULL),(33,17,'p',NULL),(34,18,'p','expert'),(35,18,'h',NULL),(36,18,'p',NULL),(37,19,'j',NULL),(38,19,'a',NULL),(39,19,'v','expert'),(40,19,'a',NULL),(41,20,'j',NULL),(42,20,'a',NULL),(43,20,'v',NULL),(44,20,'a',NULL),(45,23,'p','begginer'),(46,23,'h',NULL),(47,23,'p',NULL),(48,24,'p',NULL),(49,24,'h',NULL),(50,24,'p',NULL),(51,25,'p',NULL),(52,25,'h',NULL),(53,25,'p',NULL),(54,26,'p',NULL),(55,26,'h',NULL),(56,26,'p',NULL),(57,27,'p',NULL),(58,27,'h',NULL),(59,27,'p',NULL),(60,28,'p',NULL),(61,28,'h',NULL),(62,28,'p',NULL),(63,29,'p',NULL),(64,29,'h',NULL),(65,29,'p',NULL),(66,30,'p',NULL),(67,30,'h',NULL),(68,30,'p',NULL),(69,31,'p',NULL),(70,31,'h',NULL),(71,31,'p',NULL),(72,36,'j',NULL),(73,36,'a',NULL),(74,36,'v','expert'),(75,36,'a',NULL),(76,37,'p',NULL),(77,37,'y','expert'),(78,37,'t',NULL),(79,37,'h',NULL),(80,37,'o',NULL),(81,37,'n',NULL),(82,38,'python',NULL),(83,39,'python',NULL),(84,40,'python',NULL),(85,41,'python',NULL),(86,42,'python',NULL),(87,43,'python',NULL),(88,44,'python',NULL),(89,45,'php','mediator'),(90,46,'python',NULL),(91,47,'php','mediator'),(92,48,'php','mediator'),(93,49,'php','mediator'),(94,50,'php','mediator'),(95,51,'php','mediator'),(96,52,'php','mediator'),(97,53,'php','mediator'),(98,54,'php','mediator'),(99,55,'php','mediator'),(100,56,'php','expert'),(101,57,'php','expert'),(102,58,'php','expert'),(103,59,'php','expert'),(104,60,'php','expert'),(105,61,'php','expert'),(106,62,'php','expert'),(107,63,'php','mediator'),(108,64,'php','mediator'),(109,65,'php','mediator'),(110,66,'php','mediator'),(111,67,'php','mediator'),(112,68,'php','mediator'),(113,69,'php','mediator'),(114,70,'php','mediator'),(115,71,'php','mediator'),(116,72,'php','mediator'),(117,73,'php','mediator'),(118,74,'php','mediator'),(119,75,'php','expert'),(120,76,'php','mediator'),(121,77,'php','mediator'),(122,78,'php','mediator'),(123,79,'python',NULL),(124,80,'python',NULL),(125,81,'php','begginer'),(126,81,'python','mediator'),(127,82,'php','begginer'),(128,82,'python','mediator'),(129,83,'php','begginer'),(130,83,'python','mediator'),(131,84,'php','begginer'),(132,84,'python','mediator'),(133,85,'php','begginer'),(134,85,'python','mediator'),(135,86,'php','begginer'),(136,86,'python','mediator'),(137,87,'php','begginer'),(138,87,'python','mediator'),(139,88,'python',NULL),(140,89,'php','begginer'),(141,89,'python','mediator'),(142,90,'php','begginer'),(143,90,'python','expert'),(144,1,'python','mediator'),(145,1,'java','expert'),(146,1,'python','mediator'),(147,1,'java','expert'),(148,2,'java','expert');
/*!40000 ALTER TABLE `technology` ENABLE KEYS */;
UNLOCK TABLES;

--
-- Table structure for table `work_experience`
--

DROP TABLE IF EXISTS `work_experience`;
/*!40101 SET @saved_cs_client     = @@character_set_client */;
/*!50503 SET character_set_client = utf8mb4 */;
CREATE TABLE `work_experience` (
  `id` int NOT NULL AUTO_INCREMENT,
  `basic_id` int DEFAULT NULL,
  `company` varchar(30) NOT NULL,
  `desingation` varchar(30) NOT NULL,
  `from_date` date DEFAULT NULL,
  `to_date` date DEFAULT NULL,
  PRIMARY KEY (`id`),
  KEY `pid` (`basic_id`)
) ENGINE=InnoDB AUTO_INCREMENT=125 DEFAULT CHARSET=utf8mb4 COLLATE=utf8mb4_0900_ai_ci;
/*!40101 SET character_set_client = @saved_cs_client */;

--
-- Dumping data for table `work_experience`
--

LOCK TABLES `work_experience` WRITE;
/*!40000 ALTER TABLE `work_experience` DISABLE KEYS */;
INSERT INTO `work_experience` VALUES (1,1,'comp1','developer','2021-12-25','2022-11-24'),(2,1,'comp2','engineer','2022-12-25','2023-11-24'),(3,1,'comp3','engineer','2023-12-25','2024-03-25'),(4,2,'comp1','developer2','2021-12-22','2022-11-21'),(5,2,'comp2','engineer2','2022-12-22','2023-11-21'),(6,2,'comp3','engineer3','2023-12-22','2024-03-22'),(7,3,'compyyyyy','engineer22222','2022-12-17','2023-11-17'),(8,3,'compwww','engineer2233','2022-12-25','2023-11-25'),(9,3,'compx','engineerxxxx','2023-12-24','2024-03-24'),(10,4,'comp1','developer2','2021-12-24','2022-11-23'),(11,4,'comp2','engineer1','2022-12-24','2023-11-23'),(12,4,'comp4','engineer2','2023-12-22','2024-03-20'),(13,19,'eparkbiz','developer2','2023-01-01','2024-01-01'),(14,19,'eparkbiz','developer1','2023-01-02','2024-01-03'),(15,20,'eparkbiz','developer2','2023-01-01','2024-01-01'),(16,24,'eparkbiz','developer2','2023-01-01','2024-01-01'),(17,25,'eparkbiz','developer2','2023-01-01','2024-01-01'),(18,26,'eparkbiz','developer2','2023-01-01','2024-01-01'),(19,27,'eparkbiz','developer2','2023-01-01','2024-01-01'),(20,28,'eparkbiz','developer2','2023-01-01','2024-01-01'),(21,29,'eparkbiz','developer2','2023-01-01','2024-01-01'),(22,30,'eparkbiz','developer2','2023-01-01','2024-01-01'),(23,31,'eparkbiz','developer2','2023-01-01','2024-01-01'),(24,37,'eparkbiz','developer2','2023-01-01','2024-01-01'),(25,38,'eparkbiz','developer2','2023-01-01','2024-01-01'),(26,39,'eparkbiz','developer2','2023-01-01','2024-01-01'),(27,40,'eparkbiz','developer2','2023-01-01','2024-01-01'),(28,41,'eparkbiz','developer2','2023-01-01','2024-01-01'),(29,42,'eparkbiz','developer2','2023-01-01','2024-01-01'),(30,43,'eparkbiz','developer2','2023-01-01','2024-01-01'),(31,44,'eparkbiz','developer2','2023-02-01','2024-01-02'),(32,47,'eparkbiz','developer2','2023-01-01','2024-01-01'),(33,47,'eparkbiz','developer2','2023-01-01','2024-01-02'),(34,48,'eparkbiz','developer2','2023-01-01','2024-01-01'),(35,48,'eparkbiz','developer2','2023-01-01','2024-01-02'),(36,49,'eparkbiz','developer2','2023-01-01','2024-01-01'),(37,49,'eparkbiz','developer2','2023-01-01','2024-01-02'),(38,50,'eparkbiz','developer2','2023-01-01','2024-01-01'),(39,50,'eparkbiz','developer2','2023-01-01','2024-01-02'),(40,51,'eparkbiz','developer2','2023-01-01','2024-01-01'),(41,51,'eparkbiz','developer2','2023-01-01','2024-01-02'),(42,52,'eparkbiz','developer2','2023-01-01','2024-01-01'),(43,52,'eparkbiz','developer2','2023-01-01','2024-01-02'),(44,53,'eparkbiz','developer2','2023-01-01','2024-01-01'),(45,53,'eparkbiz','developer2','2023-01-01','2024-01-02'),(46,54,'eparkbiz','developer2','2023-01-01','2024-01-01'),(47,54,'eparkbiz','developer2','2023-01-01','2024-01-02'),(48,55,'eparkbiz','developer2','2023-01-01','2024-01-01'),(49,55,'eparkbiz','developer2','2023-01-01','2024-01-02'),(50,57,'eparkbiz','developer2','2023-01-01','2024-01-01'),(51,57,'eparkbiz2','developer3','2023-01-01','2024-01-02'),(52,58,'eparkbiz','developer2','2023-01-01','2024-01-01'),(53,58,'eparkbiz2','developer3','2023-01-01','2024-01-02'),(54,59,'eparkbiz','developer2','2023-01-01','2024-01-01'),(55,59,'eparkbiz2','developer3','2023-01-01','2024-01-02'),(56,60,'eparkbiz','developer2','2023-01-01','2024-01-01'),(57,60,'eparkbiz2','developer3','2023-01-01','2024-01-02'),(58,61,'eparkbiz','developer2','2023-01-01','2024-01-01'),(59,61,'eparkbiz2','developer3','2023-01-01','2024-01-02'),(60,62,'eparkbiz','developer2','2023-01-01','2024-01-01'),(61,62,'eparkbiz2','developer3','2023-01-01','2024-01-02'),(62,64,'eparkbiz','developer2','2023-01-01','2024-01-01'),(63,64,'eparkbiz','developer2','2023-01-01','2024-01-01'),(64,65,'eparkbiz','developer2','2023-01-01','2024-01-01'),(65,65,'eparkbiz','developer2','2023-01-01','2024-01-01'),(66,66,'eparkbiz','developer2','2023-01-01','2024-01-01'),(67,66,'eparkbiz','developer2','2023-01-01','2024-01-01'),(68,67,'eparkbiz','developer2','2023-01-01','2024-01-01'),(69,67,'eparkbiz','developer2','2023-01-01','2024-01-01'),(70,68,'eparkbiz','developer2','2023-01-01','2024-01-01'),(71,68,'eparkbiz','developer2','2023-01-01','2024-01-01'),(72,69,'eparkbiz','developer2','2023-01-01','2024-01-01'),(73,69,'eparkbiz','developer2','2023-01-01','2024-01-01'),(74,70,'eparkbiz','developer2','2023-01-01','2024-01-01'),(75,70,'eparkbiz','developer2','2023-01-01','2024-01-01'),(76,71,'eparkbiz','developer2','2023-01-01','2024-01-01'),(77,71,'eparkbiz','developer2','2023-01-01','2024-01-01'),(78,72,'eparkbiz','developer2','2023-01-01','2024-01-01'),(79,72,'eparkbiz','developer2','2023-01-01','2024-01-01'),(80,73,'eparkbiz','developer2','2023-01-01','2024-01-01'),(81,73,'eparkbiz','developer2','2023-01-01','2024-01-01'),(82,74,'eparkbiz','developer2','2023-01-01','2024-01-01'),(83,74,'eparkbiz','developer2','2023-01-01','2024-01-01'),(84,75,'eparkbiz','developer2','2023-01-01','2024-01-01'),(85,75,'eparkbiz2','developer3','2023-01-01','2024-01-02'),(86,76,'eparkbiz','developer2','2023-01-01','2024-01-01'),(87,77,'eparkbiz','developer2','2023-01-01','2024-01-01'),(88,78,'eparkbiz','developer2','2023-01-01','2024-01-01'),(89,79,'eparkbiz','developer2','2023-01-01','2024-01-01'),(90,80,'eparkbiz','developer2','2023-01-01','2024-01-01'),(91,81,'comp3','engineer3','2023-12-31','2024-03-31'),(92,81,'comp1','developer2','2021-12-31','2022-11-30'),(93,81,'comp2','engineer2','2022-12-31','2023-11-30'),(94,81,'comp3','engineer3','2023-12-31','2024-03-31'),(95,82,'comp3','engineer3','2023-12-31','2024-03-31'),(96,82,'comp1','developer2','2021-12-31','2022-11-30'),(97,82,'comp2','engineer2','2022-12-31','2023-11-30'),(98,82,'comp3','engineer3','2023-12-31','2024-03-31'),(99,83,'comp3','engineer','2023-12-31','2024-03-31'),(100,83,'comp1','developer','2021-12-31','2022-11-30'),(101,83,'comp2','engineer','2022-12-31','2023-11-30'),(102,83,'comp3','engineer','2023-12-31','2024-03-31'),(103,84,'comp3','engineer','2023-12-30','2024-03-30'),(104,84,'comp1','developer','2021-12-30','2022-11-29'),(105,84,'comp2','engineer','2022-12-30','2023-11-29'),(106,84,'comp3','engineer','2023-12-30','2024-03-30'),(107,85,'comp3','engineer','2023-12-30','2024-03-30'),(108,85,'comp1','developer','2021-12-30','2022-11-29'),(109,85,'comp2','engineer','2022-12-30','2023-11-29'),(110,85,'comp3','engineer','2023-12-30','2024-03-30'),(111,86,'comp3','engineer','2023-12-29','2024-03-29'),(112,86,'comp1','developer','2021-12-29','2022-11-28'),(113,86,'comp2','engineer','2022-12-29','2023-11-28'),(114,86,'comp3','engineer','2023-12-29','2024-03-29'),(115,87,'comp3','engineer','2023-12-28','2024-03-28'),(116,87,'comp1','developer','2021-12-28','2022-11-27'),(117,87,'comp2','engineer','2022-12-28','2023-11-27'),(118,87,'comp3','engineer','2023-12-28','2024-03-28'),(119,88,'eparkbiz32','developer22','2023-12-31','2024-12-31'),(120,89,'eparkbiz','developer2','2022-12-29','2023-12-29'),(121,90,'eparkbiz','developer2','2022-12-29','2023-12-29'),(122,4,'comp5','engineer5','2023-12-04','2024-01-04'),(123,4,'comp3','engineer1','2023-12-24','2024-03-24'),(124,89,'eparkbiz','developer2','2022-12-29','2023-12-29');
/*!40000 ALTER TABLE `work_experience` ENABLE KEYS */;
UNLOCK TABLES;
/*!40103 SET TIME_ZONE=@OLD_TIME_ZONE */;

/*!40101 SET SQL_MODE=@OLD_SQL_MODE */;
/*!40014 SET FOREIGN_KEY_CHECKS=@OLD_FOREIGN_KEY_CHECKS */;
/*!40014 SET UNIQUE_CHECKS=@OLD_UNIQUE_CHECKS */;
/*!40101 SET CHARACTER_SET_CLIENT=@OLD_CHARACTER_SET_CLIENT */;
/*!40101 SET CHARACTER_SET_RESULTS=@OLD_CHARACTER_SET_RESULTS */;
/*!40101 SET COLLATION_CONNECTION=@OLD_COLLATION_CONNECTION */;
/*!40111 SET SQL_NOTES=@OLD_SQL_NOTES */;

-- Dump completed on 2024-03-27 18:20:45
